"265","2058"
"365","2058"
"465","2058"
"567","2058"
"667","2058"
"767","2058"
"867","2046"
"967","2046"
"1067","2046"
"1167","2046"
"1267","2046"
"1367","2046"
"1467","2046"
"1567","2046"
"1667","2046"
"1767","2046"
"1867","2046"
"1967","2046"
"2067","2046"
"2167","2046"
"2271","2046"
"2371","2046"
"2471","2046"
"2571","2046"
"2671","2046"
"2771","2046"
"2871","2046"
"2971","2046"
"3071","2046"
"3171","2046"
"3271","2046"
"3371","2046"
"3471","2046"
"3571","2046"
"3671","2046"
"3771","2046"
"3871","2046"
"3971","2046"
"4071","2046"
"4171","2046"
"4271","2046"
"4371","2033"
"4471","2033"
"4571","2033"
"4671","2033"
"4771","2033"
"4871","2033"
"4971","2033"
"5071","2033"
"5171","2033"
"5271","2033"
"5371","2033"
"5471","2033"
"5571","2033"
"5671","2033"
"5771","2033"
"5871","2033"
"5971","2033"
"6078","2033"
"6178","2033"
"6278","2033"
"6378","2033"
"6478","2033"
"6582","2033"
"6682","2033"
"6782","2033"
"6882","2033"
"6982","2033"
"7082","2033"
"7182","2033"
"7282","2033"
"7382","2033"
"7482","2033"
"7582","2033"
"7682","2033"
"7782","2033"
"7882","2033"
"7982","2033"
"8082","2033"
"8182","2033"
"8282","2033"
"8382","2033"
"8482","2033"
"8582","2033"
"8682","2033"
"8782","2033"
"8882","2033"
"8982","2033"
"9082","2033"
"9182","2033"
"9282","2033"
"9387","2033"
"9487","2033"
"9592","2033"
"9692","2033"
"9792","2033"
"9892","2033"
"9992","2033"
"10092","2033"
"10192","2033"
"10292","2033"
"10392","2033"
"10492","2033"
"10592","2033"
"10692","2033"
"10792","2033"
"10892","2033"
"10992","2033"
"11093","2033"
"11193","2033"
"11293","2033"
"11393","2033"
"11493","2033"
"11593","2033"
"11693","2033"
"11793","2033"
"11893","2033"
"11993","2033"
"12093","2033"
"12193","2033"
"12293","2033"
"12393","2033"
"12493","2033"
"12593","2033"
"12693","2033"
"12793","2033"
"12893","2033"
"12993","2033"
"13093","2033"
"13193","2033"
"13293","2033"
"13393","2033"
"13493","2033"
"13593","2033"
"13693","2033"
"13793","2033"
"13893","2033"
"13993","2033"
"14093","2033"
"14193","2033"
"14293","2033"
"14393","2033"
"14493","2033"
"14593","2033"
"14693","2033"
"14798","2033"
"14898","2033"
"14998","2033"
"15098","2033"
"15198","2033"
"15298","2033"
"15398","2033"
"15498","2033"
"15598","2033"
"15698","2033"
"15798","2033"
"15898","2033"
"15998","2033"
"16098","2033"
"16198","2033"
"16307","2033"
"16407","2033"
"16507","2033"
"16607","2033"
"16707","2033"
"16807","2033"
"16907","2033"
"17007","2033"
"17107","2033"
"17207","2033"
"17307","2033"
"17407","2033"
"17507","2033"
"17607","2033"
"17707","2033"
"17807","2033"
"17907","2033"
"18008","2033"
"18108","2033"
"18208","2033"
"18308","2033"
"18408","2033"
"18508","2033"
"18608","2033"
"18708","2033"
"18808","2033"
"18912","2033"
"19012","2033"
"19112","2033"
"19212","2033"
"19312","2033"
"19412","2033"
"19512","2033"
"19627","2033"
"19727","2033"
"19827","2033"
"19927","2033"
"20027","2033"
"20135","2033"
"20235","2033"
"20335","2033"
"20435","2033"
"20535","2033"
"20635","2033"
"20735","2033"
"20835","2033"
"20935","2033"
"21035","2033"
"21135","2033"
"21235","2033"
"21336","2033"
"21436","2033"
"21536","2033"
"21636","2033"
"21736","2033"
"21836","2033"
"21936","2033"
"22036","2033"
"22136","2033"
"22236","2033"
"22336","2033"
"22436","2033"
"22536","2033"
"22636","2033"
"22736","2033"
"22836","2033"
"22936","2033"
"23036","2033"
"23136","2033"
"23236","2033"
"23336","2033"
"23436","2033"
"23536","2033"
"23636","2033"
"23736","2033"
"23836","2033"
"23936","2033"
"24036","2033"
"24136","2033"
"24236","2033"
"24336","2033"
"24436","2033"
"24536","2033"
"24636","2033"
"24736","2033"
"24836","2033"
"24936","2033"
"25036","2033"
"25136","2033"
"25236","2033"
"25336","2033"
"25436","2033"
"25536","2033"
"25637","2033"
"25737","2033"
"25837","2033"
"25937","2033"
"26037","2033"
"26137","2033"
"26237","2033"
"26337","2033"
"26437","2033"
"26537","2033"
"26637","2033"
"26737","2033"
"26837","2033"
"26937","2033"
"27037","2033"
"27137","2033"
"27237","2033"
"27337","2033"
"27437","2033"
"27537","2033"
"27637","2033"
"27737","2033"
"27837","2033"
"27937","2033"
"28037","2033"
"28137","2033"
"28237","2033"
"28337","2033"
"28437","2033"
"28537","2033"
"28637","2033"
"28737","2033"
"28837","2033"
"28937","2033"
"29037","2033"
"29137","2033"
"29237","2033"
"29337","2033"
"29437","2033"
"29537","2033"
"29637","2033"
"29737","2033"
"29837","2033"
"29937","2033"
"30037","2033"
"30137","2033"
"30237","2033"
"30337","2033"
"30437","2033"
"30537","2033"
"30637","2033"
"30737","2033"
"30837","2033"
"30937","2033"
"31037","2033"
"31137","2033"
"31237","2033"
"31337","2033"
"31437","2033"
"31537","2033"
"31638","2033"
"31738","2033"
"31838","2033"
"31938","2033"
"32038","2033"
"32138","2033"
"32238","2033"
"32338","2033"
"32438","2033"
"32538","2033"
"32638","2033"
"32738","2033"
"32838","2033"
"32938","2033"
"33038","2033"
"33138","2033"
"33238","2033"
"33338","2033"
"33438","2033"
"33538","2033"
"33638","2033"
"33738","2033"
"33838","2033"
"33938","2033"
"34038","2033"
"34138","2033"
"34238","2033"
"34338","2033"
"34438","2033"
"34538","2033"
"34638","2033"
"34738","2033"
"34838","2033"
"34938","2033"
"35038","2033"
"35138","2033"
"35238","2033"
"35338","2033"
"35438","2033"
"35538","2033"
"35638","2033"
"35738","2033"
"35838","2033"
"35938","2033"
"36038","2033"
"36138","2033"
"36238","2033"
"36338","2033"
"36438","2033"
"36538","2033"
"36638","2033"
"36738","2033"
"36838","2033"
"36938","2033"
"37038","2033"
"37138","2033"
"37238","2033"
"37338","2033"
"37438","2033"
"37538","2033"
"37638","2033"
"37738","2033"
"37838","2033"
"37938","2033"
"38038","2033"
"38138","2033"
"38238","2033"
"38338","2033"
"38438","2033"
"38538","2033"
"38638","2033"
"38738","2033"
"38838","2033"
"38938","2033"
"39038","2033"
"39138","2033"
"39238","2033"
"39338","2033"
"39438","2033"
"39538","2033"
"39638","2033"
"39738","2033"
"39838","2033"
"39938","2033"
"40038","2033"
"40138","2033"
"40238","2033"
"40338","2033"
"40438","2033"
"40538","2033"
"40638","2033"
"40738","2033"
"40838","2033"
"40938","2033"
"41038","2033"
"41138","2033"
"41238","2033"
"41338","2033"
"41438","2033"
"41538","2033"
"41638","2033"
"41738","2033"
"41838","2033"
"41938","2033"
"42038","2033"
"42138","2033"
"42238","2033"
"42338","2033"
"42438","2033"
"42538","2033"
"42638","2033"
"42738","2033"
"42838","2033"
"42938","2033"
"43038","2033"
"43138","2033"
"43238","2033"
"43338","2033"
"43438","2033"
"43538","2033"
"43638","2033"
"43738","2033"
"43838","2033"
"43938","2033"
"44038","2033"
"44138","2033"
"44238","2033"
"44338","2033"
"44438","2033"
"44538","2033"
"44638","2033"
"44738","2033"
"44838","2033"
"44938","2033"
"45038","2033"
"45138","2033"
"45238","2033"
"45338","2033"
"45438","2033"
"45538","2033"
"45638","2033"
"45738","2033"
"45838","2033"
"45938","2033"
"46038","2033"
"46138","2033"
"46238","2033"
"46338","2033"
"46438","2033"
"46538","2033"
"46638","2033"
"46738","2033"
"46838","2033"
"46938","2033"
"47038","2033"
"47138","2033"
"47238","2033"
"47338","2033"
"47438","2033"
"47538","2033"
"47638","2033"
"47738","2033"
"47838","2033"
"47938","2033"
"48038","2033"
"48138","2033"
"48238","2033"
"48347","2033"
"48468","2033"
"48571","2033"
"48671","2033"
"48771","2033"
"48875","2033"
"48975","2033"
"49075","2033"
"49175","2033"
"49275","2033"
"49375","2033"
"49475","2033"
"49578","2033"
"49678","2033"
"49778","2033"
"49878","2033"
"49978","2033"
"50078","2033"
"50178","2033"
"50278","2033"
"50378","2033"
"50478","2033"
"50578","2033"
"50678","2033"
"50778","2033"
"50878","2033"
"50979","2033"
"51079","2033"
"51179","2033"
"51279","2033"
"51379","2033"
"51479","2033"
"51579","2033"
"51679","2033"
"51779","2033"
"51879","2033"
"51979","2033"
"52079","2033"
"52179","2033"
"52279","2033"
"52379","2033"
"52479","2033"
"52579","2033"
"52688","2033"
"52788","2033"
"52888","2033"
"52988","2033"
"53088","2033"
"53188","2033"
"53288","2033"
"53388","2033"
"53488","2033"
"53588","2033"
"53688","2033"
"53788","2033"
"53888","2033"
"53988","2033"
"54088","2033"
"54190","2033"
"54290","2033"
"54404","2033"
"54504","2033"
"54604","2033"
"54704","2033"
"54804","2033"
"54904","2033"
"55018","2033"
"55118","2033"
"55218","2033"
"55318","2033"
"55418","2033"
"55521","2033"
"55626","2033"
"55726","2033"
"55826","2033"
"55926","2033"
"56026","2033"
"56126","2033"
"56226","2033"
"56326","2033"
"56426","2033"
"56526","2033"
"56626","2033"
"56726","2033"
"56826","2033"
"56926","2033"
"57026","2033"
"57126","2033"
"57226","2033"
"57326","2033"
"57426","2033"
"57526","2033"
"57626","2033"
"57726","2033"
"57826","2033"
"57926","2033"
"58026","2033"
"58126","2033"
"58226","2033"
"58326","2033"
"58427","2033"
"58527","2033"
"58627","2033"
"58750","2033"
"58850","2033"
"58950","2033"
"59050","2033"
"59150","2033"
"59251","2033"
"59351","2033"
"59451","2033"
"59551","2033"
"59651","2033"
"59751","2033"
"59851","2033"
"59951","2033"
